<?xml version="1.0" encoding="UTF-8" standalone="no"?>
<Entities>
    <ExtensionPackages>
        <ExtensionPackage dependsOn="" description="" minimumThingWorxVersion="6.5.0" name="Ndvi" packageVersion="1.0.0" vendor="">
            <JarResources>
                <FileResource description="" file="ndvi.jar" type="JAR"/>
            </JarResources>
        </ExtensionPackage>
    </ExtensionPackages>
    <ThingPackages>
        <ThingPackage className="com.adero.thing.Ndvi" description="" name="NdviPackage"/>
    </ThingPackages>
    <ThingTemplates>
        <ThingTemplate aspect.isEditableExtensionObject="false" description="" name="Ndvi" thingPackage="NdviPackage"/>
    </ThingTemplates>
</Entities>
